row_id,itemid,label,abbreviation,dbsource,linksto,category,unitname,param_type,conceptid
1,1435,Sustained Nystamus,,carevue,chartevents,,,,
2,1436,Tactile Disturbances,,carevue,chartevents,,,,
3,1437,Tremor,,carevue,chartevents,,,,
4,1438,Ulnar Pulse [Right],,carevue,chartevents,,,,
5,1439,Visual Disturbances,,carevue,chartevents,,,,
6,1447,Transpulmonary Pres,,carevue,chartevents,,,,
7,1448,Vd/Vt:,,carevue,chartevents,,,,
8,1449,Arterial BP(Rad),,carevue,chartevents,,,,
9,1450,level one,,carevue,chartevents,,,,
10,1451,L girth size,,carevue,chartevents,,,,
11,1452,#1 chest tube irrig.,,carevue,chartevents,,,,
12,1453,CT DRSG,,carevue,chartevents,,,,
13,1454,r hips drsg change,,carevue,chartevents,,,,
14,1455,fingerstick glucose,,carevue,chartevents,,,,
15,1456,popliteal pulse r/l,,carevue,chartevents,,,,
16,1457,CPAP,,carevue,chartevents,,,,
17,1458,L ankle dsg change,,carevue,chartevents,,,,
18,1459,gluteral drsg change,,carevue,chartevents,,,,
19,1460,D5W 100meq NaHC03,,carevue,chartevents,,,,
20,1462,wrist  restraints,,carevue,chartevents,,,,
21,1463,pad count,,carevue,chartevents,,,,
22,1464,ZZZly Wake Up,,carevue,chartevents,,,,
23,1465,Back Dsg,,carevue,chartevents,,,,
24,1466,ATC,,carevue,chartevents,,,,
25,1467,Pericare,,carevue,chartevents,,,,
26,1468,HI/Minute/Vol/alarm,,carevue,chartevents,,,,
27,1,% Inspir. Time,,carevue,chartevents,,,,
28,2,ABI (L),,carevue,chartevents,,,,
29,3,ABI (R),,carevue,chartevents,,,,
30,4,ABI Ankle BP [Right],,carevue,chartevents,,,,
31,5,ABI Brachial BP [Right],,carevue,chartevents,,,,
32,6,ABP [Systolic],,carevue,chartevents,,,,
33,24,ART Lumen Volume,,carevue,chartevents,,,,
34,25,AV Interval,,carevue,chartevents,,,,
35,26,AaDO2,,carevue,chartevents,,,,
36,27,Abdominal Assessment,,carevue,chartevents,,,,
37,28,Abdominal Girth,,carevue,chartevents,,,,
38,29,Access mmHg,,carevue,chartevents,,,,
39,31,Activity,,carevue,chartevents,,,,
40,32,Activity Tolerance,,carevue,chartevents,,,,
41,34,Add Gas Flow (Vent),,carevue,chartevents,,,,
42,35,Additional Gas (lpm),,carevue,chartevents,,,,
43,36,Additional Gas(Mask),,carevue,chartevents,,,,
44,37,Additional Gas(Vent),,carevue,chartevents,,,,
45,38,Airway,,carevue,chartevents,,,,
46,39,Airway Size,,carevue,chartevents,,,,
47,40,Airway Type,,carevue,chartevents,,,,
48,41,Alarms Activated,,carevue,chartevents,,,,
49,43,Angio Appearance #1 [Attribute 1],,carevue,chartevents,,,,
50,44,Angio Appearance #2 [Attribute 1],,carevue,chartevents,,,,
51,45,Angio Dressing #1,,carevue,chartevents,,,,
52,46,Angio Dressing #2,,carevue,chartevents,,,,
53,47,Angio Site #1,,carevue,chartevents,,,,
54,48,Angio Site #2,,carevue,chartevents,,,,
55,49,Anti-Embolism [Device],,carevue,chartevents,,,,
56,50,Apnea Time Interval,,carevue,chartevents,,,,
57,51,Arterial BP [Systolic],,carevue,chartevents,,,,
58,52,Arterial BP Mean,,carevue,chartevents,,,,
59,53,Arterial Pressure,,carevue,chartevents,,,,
60,54,Assistance Device,,carevue,chartevents,,,,
61,55,Assisted Systole,,carevue,chartevents,,,,
62,56,Atrial Pacemaker [Sense],,carevue,chartevents,,,,
63,57,Atrial Pacemaker Threshold [Unit],,carevue,chartevents,,,,
64,58,Atrial Pacemaker [mA],,carevue,chartevents,,,,
65,59,Augmented Diastole,,carevue,chartevents,,,,
66,60,Auto-PEEP Level,,carevue,chartevents,,,,
67,61,AvDO2,,carevue,chartevents,,,,
68,62,BAEDP,,carevue,chartevents,,,,
69,63,BIPAP - BPM,,carevue,chartevents,,,,
70,64,BIPAP - EPAP,,carevue,chartevents,,,,
71,65,BIPAP - Est. Vt,,carevue,chartevents,,,,
72,66,BIPAP - IPAP,,carevue,chartevents,,,,
73,67,BIPAP - O2 lpm,,carevue,chartevents,,,,
74,68,BIPAP-Mode,,carevue,chartevents,,,,
75,69,BSA,,carevue,chartevents,,,,
76,70,BSA - English,,carevue,chartevents,,,,
77,71,BSA - Metric,,carevue,chartevents,,,,
78,72,Back Care,,carevue,chartevents,,,,
79,74,Base Excess,,carevue,chartevents,,,,
80,75,Baseline Current/mA,,carevue,chartevents,,,,
81,76,Bath,,carevue,chartevents,,,,
82,77,Behavior,,carevue,chartevents,,,,
83,78,Bladder Irrigation,,carevue,chartevents,,,,
84,79,Blood Flow ml/min,,carevue,chartevents,,,,
85,80,Bowel Sounds,,carevue,chartevents,,,,
86,81,Brachial Pulse [Right],,carevue,chartevents,,,,
87,82,Braden Activity,,carevue,chartevents,,,,
88,83,Braden Frict/Shear,,carevue,chartevents,,,,
89,84,Braden Mobility,,carevue,chartevents,,,,
90,85,Braden Moisture,,carevue,chartevents,,,,
91,86,Braden Nutrition,,carevue,chartevents,,,,
92,87,Braden Score,,carevue,chartevents,,,,
93,88,Braden SensoryPercep,,carevue,chartevents,,,,
94,89,C.O. (fick),,carevue,chartevents,,,,
95,90,C.O.(thermodilution),,carevue,chartevents,,,,
96,91,CPM,,carevue,chartevents,,,,
97,92,CPP,,carevue,chartevents,,,,
98,93,CT #1 Crepitus,,carevue,chartevents,,,,
99,94,CT #1 Drainage,,carevue,chartevents,,,,
100,95,CT #1 Dressing,,carevue,chartevents,,,,
101,96,CT #1 [Fluctuate],,carevue,chartevents,,,,
102,97,CT #1 Suction Amount,,carevue,chartevents,,,,
103,98,CT #2 Crepitus,,carevue,chartevents,,,,
104,99,CT #2 Drainage,,carevue,chartevents,,,,
105,100,CT #2 Dressing,,carevue,chartevents,,,,
106,101,CT #2 [Fluctuate],,carevue,chartevents,,,,
107,102,CT #2 Suction Amount,,carevue,chartevents,,,,
108,103,CT #3 Crepitus,,carevue,chartevents,,,,
109,104,CT #3 Drainage,,carevue,chartevents,,,,
110,105,CT #3 Dressing,,carevue,chartevents,,,,
111,106,CT #3 [Fluctuate],,carevue,chartevents,,,,
112,107,CT #3 Suction Amount,,carevue,chartevents,,,,
113,108,CT #4 Crepitus,,carevue,chartevents,,,,
114,109,CT #4 Drainage,,carevue,chartevents,,,,
115,110,CT #4 Dressing,,carevue,chartevents,,,,
116,111,CT #4 [Fluctuate],,carevue,chartevents,,,,
117,112,CT #4 Suction Amount,,carevue,chartevents,,,,
118,113,CVP,,carevue,chartevents,,,,
119,114,CaO2,,carevue,chartevents,,,,
120,115,Capillary Refill [Right],,carevue,chartevents,,,,
121,116,Cardiac Index,,carevue,chartevents,,,,
122,117,Catheter Insert Date,,carevue,chartevents,,,,
123,118,Cerv Collar Status,,carevue,chartevents,,,,
124,119,Cervical Collar Type,,carevue,chartevents,,,,
125,121,Chest PT [Right],,carevue,chartevents,,,,
126,122,Chest Tube Site #1,,carevue,chartevents,,,,
127,123,Chest Tube Site #2,,carevue,chartevents,,,,
128,124,Chest Tube Site #3,,carevue,chartevents,,,,
129,125,Chest Tube Site #4,,carevue,chartevents,,,,
130,127,Circulation/SkinInt,,carevue,chartevents,,,,
131,128,Code Status,,carevue,chartevents,,,,
132,129,Collar Care,,carevue,chartevents,,,,
133,130,Communication,,carevue,chartevents,,,,
134,131,Compliance (40-60ml),,carevue,chartevents,,,,
135,132,Compliance-Corrected,,carevue,chartevents,,,,
136,133,Cont.Nebulizer(Drug),,carevue,chartevents,,,,
137,134,Cooling [Device],,carevue,chartevents,,,,
138,135,Corneal Reflex [Right],,carevue,chartevents,,,,
139,136,Cough Effort,,carevue,chartevents,,,,
140,137,Cough Reflex,,carevue,chartevents,,,,
141,138,Cough Type,,carevue,chartevents,,,,
142,139,Cough/Deep Breathe,,carevue,chartevents,,,,
143,140,Cuff Leak,,carevue,chartevents,,,,
144,141,Cuff Pressure-Airway,,carevue,chartevents,,,,
145,142,Current Goal,,carevue,chartevents,,,,
146,143,CvO2,,carevue,chartevents,,,,
147,146,Dialysate Flow ml/hr,,carevue,chartevents,,,,
148,147,Dialysate Infusing,,carevue,chartevents,,,,
149,148,Dialysis Access Site,,carevue,chartevents,,,,
150,149,Dialysis Access Type,,carevue,chartevents,,,,
151,150,Dialysis Machine,,carevue,chartevents,,,,
152,151,Dialysis Site Appear,,carevue,chartevents,,,,
153,152,Dialysis Type,,carevue,chartevents,,,,
154,153,Diastolic Unloading,,carevue,chartevents,,,,
155,154,Diet Type,,carevue,chartevents,,,,
156,155,Doppler BP,,carevue,chartevents,,,,
157,156,Dorsal PedPulse [Right],,carevue,chartevents,,,,
158,157,ETT [Mark],,carevue,chartevents,,,,
159,158,ETT Position Change,,carevue,chartevents,,,,
160,159,Ectopy Frequency,,carevue,chartevents,,,,
161,160,Ectopy Frequency 2,,carevue,chartevents,,,,
162,161,Ectopy Type,,carevue,chartevents,,,,
163,162,Ectopy Type 2,,carevue,chartevents,,,,
164,163,Edema #1 [Location],,carevue,chartevents,,,,
165,164,Edema #2 [Location],,carevue,chartevents,,,,
166,165,Education Barrier,,carevue,chartevents,,,,
167,166,Education Handout,,carevue,chartevents,,,,
168,167,Education Learner,,carevue,chartevents,,,,
169,168,Education Method,,carevue,chartevents,,,,
170,169,Education Readiness,,carevue,chartevents,,,,
171,170,Education Response,,carevue,chartevents,,,,
172,171,Education Topic #1,,carevue,chartevents,,,,
173,172,Education Topic #2,,carevue,chartevents,,,,
174,173,Effluent Press mmHg,,carevue,chartevents,,,,
175,174,Emesis [Appearance],,carevue,chartevents,,,,
176,175,Energy Expenditure,,carevue,chartevents,,,,
177,176,Epi Infusion Rate,,carevue,chartevents,,,,
178,177,Epidural Appearance,,carevue,chartevents,,,,
179,178,Epidural Bolus,,carevue,chartevents,,,,
180,179,Epidural Location,,carevue,chartevents,,,,
181,180,Epidural Medication,,carevue,chartevents,,,,
182,181,Epidural Total Dose,,carevue,chartevents,,,,
183,182,Extubation Date,,carevue,chartevents,,,,
184,183,Eye Care,,carevue,chartevents,,,,
185,184,Eye Opening,,carevue,chartevents,,,,
186,185,FIO2 Alarm-High,,carevue,chartevents,,,,
187,186,FIO2 Alarm-Low,,carevue,chartevents,,,,
188,187,Family Communication,,carevue,chartevents,,,,
189,188,Femoral Pulse [Right],,carevue,chartevents,,,,
190,189,FiO2 (Analyzed),,carevue,chartevents,,,,
191,190,FiO2 Set,,carevue,chartevents,,,,
192,191,FiO2/O2 Delivered,,carevue,chartevents,,,,
193,192,Filter Pressure mmHg,,carevue,chartevents,,,,
194,193,Flatus,,carevue,chartevents,,,,
195,194,Flow-By (lpm),,carevue,chartevents,,,,
196,195,Flow-by Sensitivity,,carevue,chartevents,,,,
197,196,Foley Care,,carevue,chartevents,,,,
198,197,Follows Commands,,carevue,chartevents,,,,
199,198,GCS Total,,carevue,chartevents,,,,
200,199,GI [Guaiac],,carevue,chartevents,,,,
201,200,GI Intub #1 [Type],,carevue,chartevents,,,,
202,201,GI Intub #2 [Type],,carevue,chartevents,,,,
203,202,GI#1 Tube PlaceCheck,,carevue,chartevents,,,,
204,203,GI#1 Tube [Status],,carevue,chartevents,,,,
205,204,GI#2 Tube PlaceCheck,,carevue,chartevents,,,,
206,205,GI#2 Tube [Status],,carevue,chartevents,,,,
207,206,GU Cath Insert Date,,carevue,chartevents,,,,
208,207,GU Catheter Size,,carevue,chartevents,,,,
209,208,Gag Reflex,,carevue,chartevents,,,,
210,209,Graft/Flap Pulse,,carevue,chartevents,,,,
211,210,HOB,,carevue,chartevents,,,,
212,211,Heart Rate,,carevue,chartevents,,,,
213,212,Heart Rhythm,,carevue,chartevents,,,,
214,213,Heart Sounds,,carevue,chartevents,,,,
215,216,Height of Bed,,carevue,chartevents,,,,
216,217,Heparin Dose,,carevue,chartevents,,,,
217,218,High Insp. Pressure,,carevue,chartevents,,,,
218,219,High Resp. Rate,,carevue,chartevents,,,,
219,221,I:E Ratio,,carevue,chartevents,,,,
220,222,I:E Ratio-Calculated,,carevue,chartevents,,,,
221,223,I:E Ratio-TCPCV,,carevue,chartevents,,,,
222,224,IABP Mean,,carevue,chartevents,,,,
223,225,IABP setting,,carevue,chartevents,,,,
224,226,ICP,,carevue,chartevents,,,,
225,227,INV Line#1 D/C Date,,carevue,chartevents,,,,
226,228,INV Line#1 Site Date,,carevue,chartevents,,,,
227,229,INV Line#1 [Type],,carevue,chartevents,,,,
228,230,INV Line#1 Zero/Cal,,carevue,chartevents,,,,
229,231,INV Line#1InsertDate,,carevue,chartevents,,,,
230,232,INV Line#1SiteAppear,,carevue,chartevents,,,,
231,233,INV Line#2 D/C Date,,carevue,chartevents,,,,
232,234,INV Line#2 Site Date,,carevue,chartevents,,,,
233,235,INV Line#2 [Type],,carevue,chartevents,,,,
234,236,INV Line#2 Zero/Cal,,carevue,chartevents,,,,
235,237,INV Line#2InsertDate,,carevue,chartevents,,,,
236,238,INV Line#2SiteAppear,,carevue,chartevents,,,,
237,239,INV Line#3 D/C Date,,carevue,chartevents,,,,
238,240,INV Line#3 Site Date,,carevue,chartevents,,,,
239,241,INV Line#3 [Type],,carevue,chartevents,,,,
240,242,INV Line#3 Zero/Cal,,carevue,chartevents,,,,
241,243,INV Line#3InsertDate,,carevue,chartevents,,,,
242,244,INV Line#3SiteAppear,,carevue,chartevents,,,,
243,245,INV Line#4 D/C Date,,carevue,chartevents,,,,
244,246,INV Line#4 Site Date,,carevue,chartevents,,,,
245,247,INV Line#4 [Type],,carevue,chartevents,,,,
246,248,INV Line#4 Zero/Cal,,carevue,chartevents,,,,
247,249,INV Line#4InsertDate,,carevue,chartevents,,,,
248,250,INV Line#4SiteAppear,,carevue,chartevents,,,,
249,251,INV Line#5 D/C Date,,carevue,chartevents,,,,
250,252,INV Line#5 Site Date,,carevue,chartevents,,,,
251,253,INV Line#5 [Type],,carevue,chartevents,,,,
252,254,INV Line#5 Zero/Cal,,carevue,chartevents,,,,
253,255,INV Line#5InsertDate,,carevue,chartevents,,,,
254,256,INV Line#5SiteAppear,,carevue,chartevents,,,,
255,257,INV Line#6 D/C Date,,carevue,chartevents,,,,
256,258,INV Line#6 Site Date,,carevue,chartevents,,,,
257,259,INV Line#6 [Type],,carevue,chartevents,,,,
258,260,INV Line#6 Zero/Cal,,carevue,chartevents,,,,
259,261,INV Line#6InsertDate,,carevue,chartevents,,,,
260,262,INV Line#6SiteAppear,,carevue,chartevents,,,,
261,263,INV Line#7 D/C Date,,carevue,chartevents,,,,
262,264,INV Line#7 Site Date,,carevue,chartevents,,,,
263,265,INV Line#7 [Type],,carevue,chartevents,,,,
264,266,INV Line#7 Zero/Cal,,carevue,chartevents,,,,
265,267,INV Line#7InsertDate,,carevue,chartevents,,,,
266,268,INV Line#7SiteAppear,,carevue,chartevents,,,,
267,269,INV Line#8 D/C Date,,carevue,chartevents,,,,
268,270,INV Line#8 Site Date,,carevue,chartevents,,,,
269,271,INV Line#8 [Type],,carevue,chartevents,,,,
270,272,INV Line#8 Zero/Cal,,carevue,chartevents,,,,
271,273,INV Line#8InsertDate,,carevue,chartevents,,,,
272,274,INV Line#8SiteAppear,,carevue,chartevents,,,,
273,283,INV#1 WaveformAppear,,carevue,chartevents,,,,
274,284,INV#2 WaveformAppear,,carevue,chartevents,,,,
275,285,INV#3 WaveformAppear,,carevue,chartevents,,,,
276,286,INV#4 WaveformAppear,,carevue,chartevents,,,,
277,287,INV#5 WaveformAppear,,carevue,chartevents,,,,
278,288,INV#6 WaveformAppear,,carevue,chartevents,,,,
279,289,INV#7 WaveformAppear,,carevue,chartevents,,,,
280,290,INV#8 WaveformAppear,,carevue,chartevents,,,,
281,291,IV #1 D/C Date,,carevue,chartevents,,,,
282,292,IV #1 Insert Date,,carevue,chartevents,,,,
283,294,IV #1 [Site],,carevue,chartevents,,,,
284,295,IV #2 D/C Date,,carevue,chartevents,,,,
285,296,IV #2 Insert Date,,carevue,chartevents,,,,
286,297,IV #2 [Site],,carevue,chartevents,,,,
287,298,IV #3 D/C Date,,carevue,chartevents,,,,
288,299,IV #3 Insert Date,,carevue,chartevents,,,,
289,300,IV #3 [Site],,carevue,chartevents,,,,
290,301,IV #4 D/C Date,,carevue,chartevents,,,,
291,302,IV #4 Insert Date,,carevue,chartevents,,,,
292,303,IV #4 [Site],,carevue,chartevents,,,,
293,308,IV Drip Dose #1,,carevue,chartevents,,,,
294,309,IV Drip Dose #2,,carevue,chartevents,,,,
295,310,IV Drip Medication#1,,carevue,chartevents,,,,
296,311,IV Drip Medication#2,,carevue,chartevents,,,,
297,320,IV Site #1,,carevue,chartevents,,,,
298,321,IV Site #2,,carevue,chartevents,,,,
299,322,IV Site #3,,carevue,chartevents,,,,
300,323,IV Site #4,,carevue,chartevents,,,,
301,324,IV Site Appear #1,,carevue,chartevents,,,,
302,325,IV Site Appear #2,,carevue,chartevents,,,,
303,326,IV Site Appear #3,,carevue,chartevents,,,,
304,327,IV Site Appear #4,,carevue,chartevents,,,,
305,338,Imp Skin Cleanse #1,,carevue,chartevents,,,,
306,339,Imp Skin Cleanse #2,,carevue,chartevents,,,,
307,340,Imp Skin Cleanse #3,,carevue,chartevents,,,,
308,341,Imp Skin Cleanse #4,,carevue,chartevents,,,,
309,342,Imp Skin Cleanse #5,,carevue,chartevents,,,,
310,343,Imp Skin Cleanse #6,,carevue,chartevents,,,,
311,344,ImpSkin Character #1,,carevue,chartevents,,,,
312,345,ImpSkin Character #2,,carevue,chartevents,,,,
313,346,ImpSkin Character #3,,carevue,chartevents,,,,
314,347,ImpSkin Character #4,,carevue,chartevents,,,,
315,348,ImpSkin Character #5,,carevue,chartevents,,,,
316,349,ImpSkin Character #6,,carevue,chartevents,,,,
317,350,ImpSkin #3 [Drain],,carevue,chartevents,,,,
318,351,ImpSkin #6 [Drain],,carevue,chartevents,,,,
319,352,ImpSkin #1 [Drain],,carevue,chartevents,,,,
320,353,ImpSkin #2 [Drain],,carevue,chartevents,,,,
321,354,ImpSkin #4 [Drain],,carevue,chartevents,,,,
322,355,ImpSkin #5 [Drain],,carevue,chartevents,,,,
323,356,ImpSkin Treatment #1,,carevue,chartevents,,,,
324,357,ImpSkin Treatment #2,,carevue,chartevents,,,,
325,358,ImpSkin Treatment #3,,carevue,chartevents,,,,
326,359,ImpSkin Treatment #4,,carevue,chartevents,,,,
327,360,ImpSkin Treatment #5,,carevue,chartevents,,,,
328,361,ImpSkin Treatment #6,,carevue,chartevents,,,,
329,362,ImpSkin Wound Base#1,,carevue,chartevents,,,,
330,363,ImpSkin Wound Base#2,,carevue,chartevents,,,,
331,364,ImpSkin Wound Base#3,,carevue,chartevents,,,,
332,365,ImpSkin Wound Base#4,,carevue,chartevents,,,,
333,366,ImpSkin Wound Base#5,,carevue,chartevents,,,,
334,367,ImpSkin Wound Base#6,,carevue,chartevents,,,,
335,368,ImpSkin #1 [Width],,carevue,chartevents,,,,
336,369,ImpSkin #2 [Width],,carevue,chartevents,,,,
337,370,ImpSkin #3 [Width],,carevue,chartevents,,,,
338,371,ImpSkin #4 [Width],,carevue,chartevents,,,,
339,372,ImpSkin #5 [Width],,carevue,chartevents,,,,
340,373,ImpSkin #6 [Width],,carevue,chartevents,,,,
341,374,Impaired Skin Site#1,,carevue,chartevents,,,,
342,375,Impaired Skin Site#2,,carevue,chartevents,,,,
343,376,Impaired Skin Site#3,,carevue,chartevents,,,,
344,377,Impaired Skin Site#4,,carevue,chartevents,,,,
345,378,Impaired Skin Site#5,,carevue,chartevents,,,,
346,379,Impaired Skin Site#6,,carevue,chartevents,,,,
347,380,Inc Cleansing #1,,carevue,chartevents,,,,
348,381,Inc Cleansing #2,,carevue,chartevents,,,,
349,382,Inc Cleansing #3,,carevue,chartevents,,,,
350,383,Inc Cleansing #4,,carevue,chartevents,,,,
351,384,Inc Cleansing #5,,carevue,chartevents,,,,
352,385,Inc Cleansing #6,,carevue,chartevents,,,,
353,386,Inc #1 [Closure],,carevue,chartevents,,,,
354,387,Inc #2 [Closure],,carevue,chartevents,,,,
355,388,Inc #3 [Closure],,carevue,chartevents,,,,
356,389,Inc #4 [Closure],,carevue,chartevents,,,,
357,390,Inc #5 [Closure],,carevue,chartevents,,,,
358,391,Inc #6 [Closure],,carevue,chartevents,,,,
359,392,Inc #1 [Drainage],,carevue,chartevents,,,,
360,393,Inc #2 [Drainage],,carevue,chartevents,,,,
361,394,Inc #3 [Drainage],,carevue,chartevents,,,,
362,395,Inc #4 [Drainage],,carevue,chartevents,,,,
363,396,Inc #5 [Drainage],,carevue,chartevents,,,,
364,397,Inc #6 [Drainage],,carevue,chartevents,,,,
365,398,Inc #1 [Dressing],,carevue,chartevents,,,,
366,399,Inc #2 [Dressing],,carevue,chartevents,,,,
367,400,Inc #3 [Dressing],,carevue,chartevents,,,,
368,401,Inc #5 [Dressing],,carevue,chartevents,,,,
369,402,Inc #6 [Dressing],,carevue,chartevents,,,,
370,403,Inc #4 [Dressing],,carevue,chartevents,,,,
371,404,Inc/Wound Packing #1,,carevue,chartevents,,,,
372,405,Inc/Wound Packing #2,,carevue,chartevents,,,,
373,406,Inc/Wound Packing #3,,carevue,chartevents,,,,
374,407,Inc/Wound Packing #4,,carevue,chartevents,,,,
375,408,Inc/Wound Packing #5,,carevue,chartevents,,,,
376,409,Inc/Wound Packing #6,,carevue,chartevents,,,,
377,410,Incentive Spirometry,,carevue,chartevents,,,,
378,411,Incision/Wound #1,,carevue,chartevents,,,,
379,412,Incision/Wound #2,,carevue,chartevents,,,,
380,413,Incision/Wound #3,,carevue,chartevents,,,,
381,414,Incision/Wound #4,,carevue,chartevents,,,,
382,415,Incision/Wound #5,,carevue,chartevents,,,,
383,416,Incision/Wound #6,,carevue,chartevents,,,,
384,417,Inspired Gas Temp,,carevue,chartevents,,,,
385,418,Intubation Date,,carevue,chartevents,,,,
386,419,KneeImmobilizeLoc [Right],,carevue,chartevents,,,,
387,420,LAP,,carevue,chartevents,,,,
388,421,LCW,,carevue,chartevents,,,,
389,422,LCWI,,carevue,chartevents,,,,
390,423,LL Strength/Movement,,carevue,chartevents,,,,
391,424,LLE [Temp],,carevue,chartevents,,,,
392,425,LLL Lung Sounds,,carevue,chartevents,,,,
393,426,LU Strength/Movement,,carevue,chartevents,,,,
394,427,LUE [Temp],,carevue,chartevents,,,,
395,428,LUL Lung Sounds,,carevue,chartevents,,,,
396,429,LVAD Flow LPM,,carevue,chartevents,,,,
397,430,LVSW,,carevue,chartevents,,,,
398,431,LVSWI,,carevue,chartevents,,,,
399,432,Level of Conscious,,carevue,chartevents,,,,
400,434,Low Exhaled Min Vol,,carevue,chartevents,,,,
401,435,Low Exhaled Vt,,carevue,chartevents,,,,
402,436,Low Insp. Pressure,,carevue,chartevents,,,,
403,437,Low Peep,,carevue,chartevents,,,,
404,438,MAP,,carevue,chartevents,,,,
405,439,MDI #1 [Puff],,carevue,chartevents,,,,
406,440,MDI #2 [Puff],,carevue,chartevents,,,,
407,441,MDI #3 [Puff],,carevue,chartevents,,,,
408,442,Manual BP [Systolic],,carevue,chartevents,,,,
409,443,Manual BP Mean(calc),,carevue,chartevents,,,,
410,444,Mean Airway Pressure,,carevue,chartevents,,,,
411,445,Mech. Minute Volume,,carevue,chartevents,,,,
412,446,Micro-Neb Treatment,,carevue,chartevents,,,,
413,447,Minimal Leak Present,,carevue,chartevents,,,,
414,448,Minute Volume,,carevue,chartevents,,,,
415,449,Minute Volume (Set),,carevue,chartevents,,,,
416,450,Minute Volume(Obser),,carevue,chartevents,,,,
417,453,Motor Deficits,,carevue,chartevents,,,,
418,454,Motor Response,,carevue,chartevents,,,,
419,455,NBP [Systolic],,carevue,chartevents,,,,
420,456,NBP Mean,,carevue,chartevents,,,,
421,457,NMB Medication,,carevue,chartevents,,,,
422,458,Nares [Right],,carevue,chartevents,,,,
423,459,Neg Insp Force(>-25),,carevue,chartevents,,,,
424,460,Nerve Stimulated,,carevue,chartevents,,,,
425,461,Neuro Drain Drainage,,carevue,chartevents,,,,
426,462,Neuro Drain [Level],,carevue,chartevents,,,,
427,463,Neuro Drain Status,,carevue,chartevents,,,,
428,464,Neuro Drain Type,,carevue,chartevents,,,,
429,465,Neuro Symptoms,,carevue,chartevents,,,,
430,466,Nursing Consultation,,carevue,chartevents,,,,
431,467,O2 Delivery Device,,carevue,chartevents,,,,
432,468,O2 Delivery Device#2,,carevue,chartevents,,,,
433,469,O2 Delivery Mode,,carevue,chartevents,,,,
434,470,O2 Flow (lpm),,carevue,chartevents,,,,
435,471,O2 Flow (lpm) #2,,carevue,chartevents,,,,
436,472,O2AV,,carevue,chartevents,,,,
437,473,O2AVI,,carevue,chartevents,,,,
438,474,O2ER,,carevue,chartevents,,,,
439,477,Oral Care,,carevue,chartevents,,,,
440,478,Oral Cavity,,carevue,chartevents,,,,
441,479,Orientation,,carevue,chartevents,,,,
442,480,Orthostat BP sitting [Systolic],,carevue,chartevents,,,,
443,481,Orthostat HR sitting,,carevue,chartevents,,,,
444,482,OrthostatBP standing [Systolic],,carevue,chartevents,,,,
445,483,OrthostatHR standing,,carevue,chartevents,,,,
446,484,Orthostatic BP lying [Systolic],,carevue,chartevents,,,,
447,485,Orthostatic HR lying,,carevue,chartevents,,,,
448,486,Ostomy Care,,carevue,chartevents,,,,
449,487,Ostomy [Type],,carevue,chartevents,,,,
450,490,PAO2,,carevue,chartevents,,,,
451,491,PAP Mean,,carevue,chartevents,,,,
452,492,PAP [Systolic],,carevue,chartevents,,,,
453,493,PCA 1 Hr Limit (mg),,carevue,chartevents,,,,
454,494,PCA Basal Rate,,carevue,chartevents,,,,
455,495,PCA Bolus,,carevue,chartevents,,,,
456,496,PCA Dose,,carevue,chartevents,,,,
457,497,Patient controlled analgesia (PCA) [Inject],,carevue,chartevents,,,,
458,498,PCA Lockout (Min),,carevue,chartevents,,,,
459,499,PCA Medication,,carevue,chartevents,,,,
460,500,PCA Total Dose,,carevue,chartevents,,,,
461,501,PCV Exh Vt (Obser),,carevue,chartevents,,,,
462,502,PCV Insp Vt (Obser),,carevue,chartevents,,,,
463,503,PCV Set Insp. Press,,carevue,chartevents,,,,
464,504,PCWP,,carevue,chartevents,,,,
465,505,PEEP,,carevue,chartevents,,,,
466,506,PEEP Set,,carevue,chartevents,,,,
467,507,PIP,,carevue,chartevents,,,,
468,508,PT Splint #1 [Location],,carevue,chartevents,,,,
469,509,PT Splint #2 [Location],,carevue,chartevents,,,,
470,510,PT Splint #3 [Location],,carevue,chartevents,,,,
471,511,PT Splint #4 [Location],,carevue,chartevents,,,,
472,512,PVR,,carevue,chartevents,,,,
473,513,PVRI,,carevue,chartevents,,,,
474,515,Pacemaker Mode,,carevue,chartevents,,,,
475,516,Pacemaker Type,,carevue,chartevents,,,,
476,517,Pacer Rate,,carevue,chartevents,,,,
477,518,Pacer Wire Condition,,carevue,chartevents,,,,
478,519,Pacer Wires Atrial,,carevue,chartevents,,,,
479,520,Pacer Wires Ground,,carevue,chartevents,,,,
480,521,Pacer Wires Vent,,carevue,chartevents,,,,
481,522,Pain Cause,,carevue,chartevents,,,,
482,523,Pain Level (Movemnt),,carevue,chartevents,,,,
483,524,Pain Level (Rest),,carevue,chartevents,,,,
484,525,Pain Location,,carevue,chartevents,,,,
485,526,Pain Management [Route/Status #1],,carevue,chartevents,,,,
486,527,Pain Type,,carevue,chartevents,,,,
487,529,Pause Time %,,carevue,chartevents,,,,
488,530,Peak Flow,,carevue,chartevents,,,,
489,531,Peak Flow % (pred),,carevue,chartevents,,,,
490,532,Peak Flow (Calc),,carevue,chartevents,,,,
491,533,Peak Flow (Pred),,carevue,chartevents,,,,
492,534,Peak Flow (actual),,carevue,chartevents,,,,
493,535,Peak Insp. Pressure,,carevue,chartevents,,,,
494,536,Peri Care,,carevue,chartevents,,,,
495,537,Pericard Drain Site,,carevue,chartevents,,,,
496,538,Pericard Drain Stat,,carevue,chartevents,,,,
497,539,Pericardial Drainage,,carevue,chartevents,,,,
498,541,PetCO2/TcCO2,,carevue,chartevents,,,,
499,542,Pin Care,,carevue,chartevents,,,,
500,543,Plateau Pressure,,carevue,chartevents,,,,
501,544,Plateau Time (7200),,carevue,chartevents,,,,
502,545,Plateau-Off,,carevue,chartevents,,,,
503,546,Popliteal Pulse [Right],,carevue,chartevents,,,,
504,547,Position,,carevue,chartevents,,,,
505,548,Position Change,,carevue,chartevents,,,,
506,549,PostTib. Pulses [Right],,carevue,chartevents,,,,
507,550,Precautions,,carevue,chartevents,,,,
508,551,Pressure Sore #1 [Stage],,carevue,chartevents,,,,
509,552,Pressure Sore #2 [Stage],,carevue,chartevents,,,,
510,553,Pressure Sore #3 [Stage],,carevue,chartevents,,,,
511,554,Press Sore Site #2,,carevue,chartevents,,,,
512,555,PressSore Depth #1,,carevue,chartevents,,,,
513,556,PressSore Depth #2,,carevue,chartevents,,,,
514,557,PressSore Depth #3,,carevue,chartevents,,,,
515,558,Pressure Sore #1 [Drainage],,carevue,chartevents,,,,
516,559,Pressure Sore #2 [Drainage],,carevue,chartevents,,,,
517,560,Pressure Sore #3 [Drainage],,carevue,chartevents,,,,
518,561,Pressure Sore #1 [Width],,carevue,chartevents,,,,
519,562,Pressure Sore #2 [Width],,carevue,chartevents,,,,
520,563,Pressure Sore #3 [Width],,carevue,chartevents,,,,
521,564,PressSoreCleansing#1,,carevue,chartevents,,,,
522,565,PressSoreCleansing#2,,carevue,chartevents,,,,
523,566,PressSoreCleansing#3,,carevue,chartevents,,,,
524,567,PressSoreTreatment#1,,carevue,chartevents,,,,
525,568,PressSoreTreatment#2,,carevue,chartevents,,,,
526,569,PressSoreTreatment#3,,carevue,chartevents,,,,
527,570,PressSoreWoundBase#1,,carevue,chartevents,,,,
528,571,PressSoreWoundBase#2,,carevue,chartevents,,,,
529,572,PressSoreWoundBase#3,,carevue,chartevents,,,,
530,573,Pressure Sore Odor#1,,carevue,chartevents,,,,
531,574,Pressure Sore Odor#2,,carevue,chartevents,,,,
532,575,Pressure Sore Odor#3,,carevue,chartevents,,,,
533,576,Pressure Sore Site#1,,carevue,chartevents,,,,
534,577,Pressure Sore Site#3,,carevue,chartevents,,,,
535,578,Pressure Support,,carevue,chartevents,,,,
536,579,PressureReduceDevice,,carevue,chartevents,,,,
537,580,Previous Weight,,carevue,chartevents,,,,
538,581,Previous WeightF,,carevue,chartevents,,,,
539,582,Procedures,,carevue,chartevents,,,,
540,583,Pulses Paradoxus,,carevue,chartevents,,,,
541,584,Pupil Response [Right],,carevue,chartevents,,,,
542,585,Pupil Size [Right],,carevue,chartevents,,,,
543,586,QTc,,carevue,chartevents,,,,
544,587,Qs/Qt,,carevue,chartevents,,,,
545,588,RCW,,carevue,chartevents,,,,
546,589,RCWI,,carevue,chartevents,,,,
547,590,RL Strength/Movement,,carevue,chartevents,,,,
548,591,RLE [Temperature],,carevue,chartevents,,,,
549,592,RLE [Sensation],,carevue,chartevents,,,,
550,593,RLL Lung Sounds,,carevue,chartevents,,,,
551,594,ROM [Type],,carevue,chartevents,,,,
552,595,RSBI (<200),,carevue,chartevents,,,,
553,596,RU Strength/Movement,,carevue,chartevents,,,,
554,597,RUE [Temperature],,carevue,chartevents,,,,
555,598,RUE [Sensation],,carevue,chartevents,,,,
556,599,RUL Lung Sounds,,carevue,chartevents,,,,
557,600,RVAD Flow LPM,,carevue,chartevents,,,,
558,601,RVSW,,carevue,chartevents,,,,
559,602,RVSWI,,carevue,chartevents,,,,
560,603,Radial Pulse [Right],,carevue,chartevents,,,,
561,604,Radiologic Study,,carevue,chartevents,,,,
562,605,Reason For Restraint,,carevue,chartevents,,,,
563,606,Rec. Breath Pressure,,carevue,chartevents,,,,
564,607,Rec.Breath Time(sec),,carevue,chartevents,,,,
565,608,Recruit Breath,,carevue,chartevents,,,,
566,609,Remote Alarm,,carevue,chartevents,,,,
567,610,Removed x 5 Mins,,carevue,chartevents,,,,
568,611,Replace Rate ml/hr,,carevue,chartevents,,,,
569,612,Replace.Fluid Infuse,,carevue,chartevents,,,,
570,613,Resp Quotient - (R),,carevue,chartevents,,,,
571,614,Resp Rate (Spont),,carevue,chartevents,,,,
572,615,Resp Rate (Total),,carevue,chartevents,,,,
573,616,Respiratory Effort,,carevue,chartevents,,,,
574,617,Respiratory Pattern,,carevue,chartevents,,,,
575,618,Respiratory Rate,,carevue,chartevents,,,,
576,619,Respiratory Rate Set,,carevue,chartevents,,,,
577,620,Responds to Stimuli [Type],,carevue,chartevents,,,,
578,621,Restraint Location,,carevue,chartevents,,,,
579,622,Restraint Type,,carevue,chartevents,,,,
580,623,Restraints Evaluated,,carevue,chartevents,,,,
581,624,Return Pressure mmHg,,carevue,chartevents,,,,
582,625,SVI,,carevue,chartevents,,,,
583,626,SVR,,carevue,chartevents,,,,
584,627,SVRI,,carevue,chartevents,,,,
585,628,Sedation Score,,carevue,chartevents,,,,
586,629,Seizure Activity,,carevue,chartevents,,,,
587,630,Seizure Duration,,carevue,chartevents,,,,
588,631,Sensitivity-Vent,,carevue,chartevents,,,,
589,632,Sensory Level,,carevue,chartevents,,,,
590,637,Side Rails,,carevue,chartevents,,,,
591,638,Sigh Rate,,carevue,chartevents,,,,
592,639,Sigh Tidal Volume,,carevue,chartevents,,,,
593,640,Significant Events,,carevue,chartevents,,,,
594,641,Sitter,,carevue,chartevents,,,,
595,642,Skin Care,,carevue,chartevents,,,,
596,643,Skin Color,,carevue,chartevents,,,,
597,644,Skin Integrity,,carevue,chartevents,,,,
598,645,Skin [Temperature],,carevue,chartevents,,,,
599,646,SpO2,,carevue,chartevents,,,,
600,647,Spare Trach Present,,carevue,chartevents,,,,
601,648,Speech,,carevue,chartevents,,,,
602,649,Spiritual Support,,carevue,chartevents,,,,
603,650,Spon Minute VE L/min,,carevue,chartevents,,,,
604,651,Spon RR (Mech.),,carevue,chartevents,,,,
605,652,Spon. Vt (L) (Mech.),,carevue,chartevents,,,,
606,653,Spont. Resp. Rate,,carevue,chartevents,,,,
607,654,Spont. Tidal Volume,,carevue,chartevents,,,,
608,655,Spontaneous Movement,,carevue,chartevents,,,,
609,656,Sputum [Color],,carevue,chartevents,,,,
610,657,Sputum Source,,carevue,chartevents,,,,
611,659,Stool [Color],,carevue,chartevents,,,,
612,660,Stool Guaiac,,carevue,chartevents,,,,
613,661,Stool Management,,carevue,chartevents,,,,
614,662,Stroke Volume,,carevue,chartevents,,,,
615,663,Support Systems,,carevue,chartevents,,,,
616,664,Swan SVO2,,carevue,chartevents,,,,
617,665,System Integrity,,carevue,chartevents,,,,
618,666,Systolic Unloading,,carevue,chartevents,,,,
619,667,TCPCV Apnea Settings,,carevue,chartevents,,,,
620,668,TCPCV Fixed I Time,,carevue,chartevents,,,,
621,669,TCPCV I:E Ratio,,carevue,chartevents,,,,
622,670,TCPCV Insp. Pressure,,carevue,chartevents,,,,
623,671,TCPCV Insp. Time,,carevue,chartevents,,,,
624,672,TCPCV-MAP,,carevue,chartevents,,,,
625,673,TOF Response/Twitch,,carevue,chartevents,,,,
626,674,Temp. Site,,carevue,chartevents,,,,
627,676,Temperature C,,carevue,chartevents,,,,
628,677,Temperature C (calc),,carevue,chartevents,,,,
629,678,Temperature F,,carevue,chartevents,,,,
630,679,Temperature F (calc),,carevue,chartevents,,,,
631,680,Therapeutic Bed,,carevue,chartevents,,,,
632,681,Tidal Volume,,carevue,chartevents,,,,
633,682,Tidal Volume (Obser),,carevue,chartevents,,,,
634,683,Tidal Volume (Set),,carevue,chartevents,,,,
635,684,Tidal Volume (Spont),,carevue,chartevents,,,,
636,686,Total PEEP Level,,carevue,chartevents,,,,
637,687,Trach Care,,carevue,chartevents,,,,
638,688,Trach [Cuff],,carevue,chartevents,,,,
639,689,Trach Date,,carevue,chartevents,,,,
640,690,Trach Size,,carevue,chartevents,,,,
641,691,Tracheostomy Cuff,,carevue,chartevents,,,,
642,692,Tracheostomy Type,,carevue,chartevents,,,,
643,693,Tract/Imm Location#1,,carevue,chartevents,,,,
644,694,Tract/Imm Location#2,,carevue,chartevents,,,,
645,695,Tract/Imm Location#3,,carevue,chartevents,,,,
646,696,Tract/Imm Location#4,,carevue,chartevents,,,,
647,697,Traction/Immobile #1,,carevue,chartevents,,,,
648,698,Traction/Immobile #2,,carevue,chartevents,,,,
649,699,Traction/Immobile #3,,carevue,chartevents,,,,
650,700,Traction/Immobile #4,,carevue,chartevents,,,,
651,701,Transcut Pacer Rate,,carevue,chartevents,,,,
652,702,Transcut Pad Place,,carevue,chartevents,,,,
653,703,Transcutan Pacer,,carevue,chartevents,,,,
654,704,Turn,,carevue,chartevents,,,,
655,705,Untoward Effect,,carevue,chartevents,,,,
656,706,Urine [Color],,carevue,chartevents,,,,
657,707,Urine Source,,carevue,chartevents,,,,
658,708,VAD Beat Rate [Right],,carevue,chartevents,,,,
659,709,VCO2 (180-200),,carevue,chartevents,,,,
660,710,VEN Lumen Volume,,carevue,chartevents,,,,
661,711,VO2,,carevue,chartevents,,,,
662,712,VO2 (200-250),,carevue,chartevents,,,,
663,713,VO2I,,carevue,chartevents,,,,
664,715,Vd/Vt Ratio (40-60%),,carevue,chartevents,,,,
665,716,Venous Pressure,,carevue,chartevents,,,,
666,717,Ventricular Pacemaker [Sense],,carevue,chartevents,,,,
667,718,Ventricular Pacemaker Threshold [Unit],,carevue,chartevents,,,,
668,719,Ventricular Pacemaker [mA],,carevue,chartevents,,,,
669,720,Ventilator Mode,,carevue,chartevents,,,,
670,721,Ventilator No.,,carevue,chartevents,,,,
671,722,Ventilator Type,,carevue,chartevents,,,,
672,723,Verbal Response,,carevue,chartevents,,,,
673,724,Vision - EPAP,,carevue,chartevents,,,,
674,725,Vision - IPAP,,carevue,chartevents,,,,
675,726,Vision - Mode,,carevue,chartevents,,,,
676,727,Vision FiO2,,carevue,chartevents,,,,
677,728,Vision Mask,,carevue,chartevents,,,,
678,729,Vision Rate,,carevue,chartevents,,,,
679,730,Vital Cap (>1.0)L,,carevue,chartevents,,,,
680,731,Warming [Device],,carevue,chartevents,,,,
681,732,Waveform-Vent,,carevue,chartevents,,,,
682,733,Weight Change,,carevue,chartevents,,,,
683,734,Working Pressure,,carevue,chartevents,,,,
684,735,Wound Care,,carevue,chartevents,,,,
685,741,avDO2,,carevue,chartevents,,,,
686,742,calprevflg,,carevue,chartevents,,,,
687,762,Admit Wt,,carevue,chartevents,,,,
688,763,Daily Weight,,carevue,chartevents,,,,
689,768,ACT (102-142),,carevue,chartevents,Coags,,,
690,769,ALT,,carevue,chartevents,Enzymes,,,
691,770,AST,,carevue,chartevents,Enzymes,,,
692,772,Albumin (>3.2),,carevue,chartevents,Chemistry,,,
693,773,Alk. Phosphate,,carevue,chartevents,Enzymes,,,
694,774,Ammonia,,carevue,chartevents,Chemistry,,,
695,775,Amylase,,carevue,chartevents,Enzymes,,,
696,776,Arterial Base Excess,,carevue,chartevents,ABG,,,
697,777,Arterial CO2(Calc),,carevue,chartevents,ABG,,,
698,778,Arterial PaCO2,,carevue,chartevents,ABG,,,
699,779,Arterial PaO2,,carevue,chartevents,ABG,,,
700,780,Arterial pH,,carevue,chartevents,ABG,,,
701,781,BUN (6-20),,carevue,chartevents,Chemistry,,,
702,782,Bleeding Time,,carevue,chartevents,Coags,,,
703,783,Blood Products,,carevue,chartevents,Hematology,,,
704,784,CPK,,carevue,chartevents,Enzymes,,,
705,785,CPK/MB,,carevue,chartevents,Enzymes,,,
706,786,Calcium (8.4-10.2),,carevue,chartevents,Chemistry,,,
707,787,Carbon Dioxide,,carevue,chartevents,Chemistry,,,
708,788,Chloride (100-112),,carevue,chartevents,Chemistry,,,
709,789,Cholesterol (<200),,carevue,chartevents,Chemistry,,,
710,791,Creatinine (0-1.3),,carevue,chartevents,Chemistry,,,
711,792,Cyclosporin,,carevue,chartevents,Drug Level,,,
712,793,D-Dimer (0-500),,carevue,chartevents,Coags,,,
713,794,Differential-Atyps,,carevue,chartevents,Hematology,,,
714,795,Differential-Bands,,carevue,chartevents,Hematology,,,
715,796,Differential-Basos,,carevue,chartevents,Hematology,,,
716,797,Differential-Eos,,carevue,chartevents,Hematology,,,
717,798,Differential-Lymphs,,carevue,chartevents,Hematology,,,
718,799,Differential-Monos,,carevue,chartevents,Hematology,,,
719,800,Differential-Polys,,carevue,chartevents,Hematology,,,
720,801,Digoxin,,carevue,chartevents,Drug Level,,,
721,802,Dilantin,,carevue,chartevents,Drug Level,,,
722,803,Direct Bili (0-0.3),,carevue,chartevents,Chemistry,,,
723,804,Ethanol,,carevue,chartevents,Drug Level,,,
724,805,FK506,,carevue,chartevents,Drug Level,,,
725,806,Fibrinogen (150-400),,carevue,chartevents,Coags,,,
726,807,Fingerstick Glucose,,carevue,chartevents,Chemistry,,,
727,808,Gentamycin/Peak,,carevue,chartevents,Drug Level,,,
728,809,Gentamycin/Random,,carevue,chartevents,Drug Level,,,
729,810,Gentamycin/Trough,,carevue,chartevents,Drug Level,,,
730,811,Glucose (70-105),,carevue,chartevents,Chemistry,,,
731,812,HCO3,,carevue,chartevents,ABG,,,
732,813,Hematocrit,,carevue,chartevents,Hematology,,,
733,814,Hemoglobin,,carevue,chartevents,Hematology,,,
734,815,INR (2-4 ref. range),,carevue,chartevents,Coags,,,
735,816,Ionized Calcium,,carevue,chartevents,Chemistry,,,
736,817,LDH,,carevue,chartevents,Enzymes,,,
737,818,Lactic Acid(0.5-2.0),,carevue,chartevents,Chemistry,,,
738,819,Lidocaine,,carevue,chartevents,Drug Level,,,
739,820,Lipase,,carevue,chartevents,Enzymes,,,
740,821,Magnesium (1.6-2.6),,carevue,chartevents,Chemistry,,,
741,822,Mixed Venous O2,,carevue,chartevents,Blood Gases,,,
742,823,Mixed Venous O2% Sat,,carevue,chartevents,Blood Gases,,,
743,824,PT(11-13.5),,carevue,chartevents,Coags,,,
744,825,PTT(22-35),,carevue,chartevents,Coags,,,
745,826,Phenobarbital,,carevue,chartevents,Drug Level,,,
746,827,Phosphorous(2.7-4.5),,carevue,chartevents,Chemistry,,,
747,828,Platelets,,carevue,chartevents,Hematology,,,
748,829,Potassium (3.5-5.3),,carevue,chartevents,Chemistry,,,
749,831,Procan,,carevue,chartevents,Drug level,,,
750,3056,APNEA INTERVAL TIME,,carevue,chartevents,,,,
751,3058,shaved,,carevue,chartevents,,,,
752,3059,REE,,carevue,chartevents,,,,
753,3060,RQ,,carevue,chartevents,,,,
754,3061,VCO2,,carevue,chartevents,,,,
755,3063,High MV Limits,,carevue,chartevents,,,,
756,3064,DISCONNECT ALARM,,carevue,chartevents,,,,
757,3066,albumin,,carevue,chartevents,,,,
758,3067,FEM MAP,,carevue,chartevents,,,,
759,3068,High Pressure Limit,,carevue,chartevents,,,,
760,3069,ART R Groin,,carevue,chartevents,,,,
761,3070,Nicardipine (mg/h),,carevue,chartevents,,,,
762,3071,ACE WRAP B LEGS,,carevue,chartevents,,,,
763,3072,IRON  45-160,,carevue,chartevents,,,,
764,3074,TRF   200-400,,carevue,chartevents,,,,
765,3075,calTIBC  264-432,,carevue,chartevents,,,,
766,3077,Migh Min Volume,,carevue,chartevents,,,,
767,3078,alarm/high minute vl,,carevue,chartevents,,,,
768,3079,high volume,,carevue,chartevents,,,,
769,3081,SPONT TV'S,,carevue,chartevents,,,,
770,3082,HIGH TIDAL VOL,,carevue,chartevents,,,,
771,3083,spont Tidal volumes,,carevue,chartevents,,,,
772,3084,photosensitive prec,,carevue,chartevents,,,,
773,3086,spont Vt's,,carevue,chartevents,,,,
774,3087,DEXTRAN 40  10%,,carevue,chartevents,,,,
775,3088,DEXTRAN 40%,,carevue,chartevents,,,,
776,3089,ELEVATE R ARM,,carevue,chartevents,,,,
777,3090,ELEVATE R LEG 2 PIL,,carevue,chartevents,,,,
778,3091,PILLOW AROUND R ARM,,carevue,chartevents,,,,
779,3094,(L) FEM ART,,carevue,chartevents,,,,
780,3095,(R) FEM ART,,carevue,chartevents,,,,
781,3097,lf flap pulse,,carevue,chartevents,,,,
782,3098,hi mv,,carevue,chartevents,,,,
783,3099,T3 CC/HR,,carevue,chartevents,,,,
784,3100,LOW MV,,carevue,chartevents,,,,
785,3101,High Minute volume,,carevue,chartevents,,,,
786,3102,NICARDIPINE MCQ/KG/',,carevue,chartevents,,,,
787,3105,HIGH MIN.VOL.,,carevue,chartevents,,,,
788,3106,alcohol gtt,,carevue,chartevents,,,,
789,3107,INS time,,carevue,chartevents,,,,
790,3108,PA PRESSURE,,carevue,chartevents,,,,
791,3109,Sodium Bicarb,,carevue,chartevents,,,,
792,3110,bicarb drip 200/200,,carevue,chartevents,,,,
793,3111,cpap level,,carevue,chartevents,,,,
794,3112,epinephrine mcg/min,,carevue,chartevents,,,,
795,3113,high min.vol,,carevue,chartevents,,,,
796,3114,PCV Driving Pressure,,carevue,chartevents,,,,
797,3115,PCV Total Pressure,,carevue,chartevents,,,,
798,3118,THORACIC EXTENSION,,carevue,chartevents,,,,
799,3119,HI MINUTE VOL,,carevue,chartevents,,,,
800,3120,L AVF-BRUIT/THRILL,,carevue,chartevents,,,,
801,3121,himv,,carevue,chartevents,,,,
802,3122,Apnea,,carevue,chartevents,,,,
803,3124,LEFT AXILLA PULSE,,carevue,chartevents,,,,
804,3125,NICARDIPINE 5-15MG/H,,carevue,chartevents,,,,
805,3126,SLOPE,,carevue,chartevents,,,,
806,3127,Sitter at bedside.,,carevue,chartevents,,,,
807,3128,BRACHIAL S/D,,carevue,chartevents,,,,
808,3131,Shampoo,,carevue,chartevents,,,,
809,3132,20# to skeletal tx,,carevue,chartevents,,,,
810,3134,solumed mg/kg/hr,,carevue,chartevents,,,,
811,3135,ATG,,carevue,chartevents,,,,
812,3136,Tongue midline,,carevue,chartevents,,,,
813,3137,Visual Field CheckL),,carevue,chartevents,,,,
814,3138,Visual field checkR),,carevue,chartevents,,,,
815,3139,LUE fistula,,carevue,chartevents,,,,
816,3140,Urine Cl-,,carevue,chartevents,,,,
817,3142,high rr,,carevue,chartevents,,,,
818,3143,low insp pressure,,carevue,chartevents,,,,
819,3145,L breast doppler,,carevue,chartevents,,,,
820,3147,TPA #2 mg/hr,,carevue,chartevents,,,,
821,3148,TPA#1 mg/hr,,carevue,chartevents,,,,
822,3158,CK/VAGINAL BLEEDING,,carevue,chartevents,,,,
823,3160,HIGH MV LIMIT,,carevue,chartevents,,,,
824,3161,Hi Minute Volume,,carevue,chartevents,,,,
825,3167,Drive Pres,,carevue,chartevents,,,,
826,3168,HIGH MIN. VOL,,carevue,chartevents,,,,
827,3169,multipodous boots,,carevue,chartevents,,,,
828,3172,right groin sheath,,carevue,chartevents,,,,
829,3174,Labetalol mcg/kg/min,,carevue,chartevents,,,,
830,3175,BEAR HUGGER,,carevue,chartevents,,,,
831,3176,Nicardip.mcg/kg/min,,carevue,chartevents,,,,
832,3177,left fem. aline,,carevue,chartevents,,,,
833,3178,right femoral aline,,carevue,chartevents,,,,
834,3179,1:1 Sitter,,carevue,chartevents,,,,
835,3180,APRV P-HI,,carevue,chartevents,,,,
836,3181,APRV P-LOW,,carevue,chartevents,,,,
837,3182,APRV T-HI,,carevue,chartevents,,,,
838,3183,APRV T-LOW,,carevue,chartevents,,,,
839,3184,Neo mcg/kg/min,,carevue,chartevents,,,,
840,3186,nicardipine,,carevue,chartevents,,,,
841,3188,neo mcq/kg/min,,carevue,chartevents,,,,
842,3189,High Min. Vol,,carevue,chartevents,,,,
843,3190,high  minute vol,,carevue,chartevents,,,,
844,3191,DEFLATE RECTAL TUBE,,carevue,chartevents,,,,
845,3192,BUMEX MG/HR,,carevue,chartevents,,,,
846,3194,lab svo2,,carevue,chartevents,,,,
847,3195,P insp,,carevue,chartevents,,,,
848,3196,"high min. vol,",,carevue,chartevents,,,,
849,3197,INO LEVEL,,carevue,chartevents,,,,
850,3199,valpro acid,,carevue,chartevents,,,,
851,3200,High Minute Volume m,,carevue,chartevents,,,,
852,3201,Methylhemaglobin,,carevue,chartevents,,,,
853,3202,pin care,,carevue,chartevents,,,,
854,3204,Pinsp.,,carevue,chartevents,,,,
855,3206,40GmCaGluc/1000ccNS,,carevue,chartevents,,,,
856,3207,High MMV,,carevue,chartevents,,,,
857,3208,ATC % (size 7),,carevue,chartevents,,,,
858,3209,P LOW,,carevue,chartevents,,,,
859,3210,pressure high,,carevue,chartevents,,,,
860,3211,time high,,carevue,chartevents,,,,
861,3212,time low,,carevue,chartevents,,,,
862,3213,RT FEM ART LINE,,carevue,chartevents,,,,
863,3214,Ca++ Gluconate,,carevue,chartevents,,,,
864,3215,Xgris,,carevue,chartevents,,,,
865,3216,NS FLUSH FOLEY,,carevue,chartevents,,,,
866,3217,Abd binder,,carevue,chartevents,,,,
867,3218,TCPCV Driving Press.,,carevue,chartevents,,,,
868,3219,calcium gluconate,,carevue,chartevents,,,,
869,3220,tbili,,carevue,chartevents,,,,
870,3222,logroll,,carevue,chartevents,,,,
871,3223,Bedbath,,carevue,chartevents,,,,
872,3226,%cool mist,,carevue,chartevents,,,,
873,3228,trch size,,carevue,chartevents,,,,
874,3233,PEG SITE DRESSING,,carevue,chartevents,,,,
875,3235,DRIVING PRESS,,carevue,chartevents,,,,
876,3236,HI MINUTE VOLUME,,carevue,chartevents,,,,
877,3238,CSF PRESSURE,,carevue,chartevents,,,,
878,3239,NICARDIPINE MCG/KG/M,,carevue,chartevents,,,,
879,3240,Nicardipine gtt,,carevue,chartevents,,,,
880,3241,LFEMABP,,carevue,chartevents,,,,
881,3242,NICARDIPINE MCQ/KG/M,,carevue,chartevents,,,,
882,3243,RUPPER ARM FISTULA,,carevue,chartevents,,,,
883,3244,RT FEM A-LINE,,carevue,chartevents,,,,
884,3245,ileostomy,,carevue,chartevents,,,,
885,3246,MULTPODIS SPLINT,,carevue,chartevents,,,,
886,3248,mittens,,carevue,chartevents,,,,
887,3249,BEDBATH,,carevue,chartevents,,,,
888,3250,Nephrostomy tube,,carevue,chartevents,,,,
889,3253,Sigh Breath/Pressure,,carevue,chartevents,,,,
890,3254,High minute Vent.,,carevue,chartevents,,,,
891,3256,L ulnar ABP,,carevue,chartevents,,,,
892,3257,XIGRIS @ 1.66 MG/HR,,carevue,chartevents,,,,
893,3258,d10w,,carevue,chartevents,,,,
894,3259,mv,,carevue,chartevents,,,,
895,3260,high minnute volume,,carevue,chartevents,,,,
896,3262,extremities elevated,,carevue,chartevents,,,,
897,3263,BATHED,,carevue,chartevents,,,,
898,3264,MULTI PODUS SPLINTS,,carevue,chartevents,,,,
899,3265,ecmo flow,,carevue,chartevents,,,,
900,3268,INSP TIME,,carevue,chartevents,,,,
901,3269,XIGRIS MG/HR,,carevue,chartevents,,,,
902,3270,aprotinin ml/hr,,carevue,chartevents,,,,
903,3271,insp time,,carevue,chartevents,,,,
904,3274,domeboro soaks,,carevue,chartevents,,,,
905,3277,NICARDIPINE--MG/HR,,carevue,chartevents,,,,
906,3281,Xigres mg/hr,,carevue,chartevents,,,,
907,3283,warm pack to lt arm,,carevue,chartevents,,,,
908,3285,ROTATION ON/OFF,,carevue,chartevents,,,,
909,3286,solumedrol,,carevue,chartevents,,,,
910,3288,O2 sat [Pre],,carevue,chartevents,,,,
911,3291,Abdominal Appearance,,carevue,chartevents,,,,
912,3292,Abdominal Color,,carevue,chartevents,,,,
913,3293,Abdominal Exam,,carevue,chartevents,,,,
914,3294,Abdominal Girth (cm),,carevue,chartevents,,,,
915,3295,Abdominal Loops,,carevue,chartevents,,,,
916,3296,Abnormalities,,carevue,chartevents,,,,
917,3297,Airleak,,carevue,chartevents,,,,
918,3298,Albuterol MDI,,carevue,chartevents,,,,
919,3299,Albuterol MiniNeb,,carevue,chartevents,,,,
920,3302,Amphotericin,,carevue,chartevents,,,,
921,3303,Ampicillin,,carevue,chartevents,,,,
922,3304,Anterior Fontanelle [Texture],,carevue,chartevents,,,,
923,3306,Apnea [Existence],,carevue,chartevents,,,,
924,3307,Appearance,,carevue,chartevents,,,,
925,3309,Atrovent MDI,,carevue,chartevents,,,,
926,3310,Auditory Evokes,,carevue,chartevents,,,,
927,3311,BP Alarm [Low],,carevue,chartevents,,,,
928,3312,BP Cuff [Mean],,carevue,chartevents,,,,
929,3313,BP Cuff [Systolic],,carevue,chartevents,,,,
930,3314,BP Left Arm [Mean],,carevue,chartevents,,,,
931,3315,BP Left Arm [Systolic],,carevue,chartevents,,,,
932,3316,BP Left Leg [Mean],,carevue,chartevents,,,,
933,3317,BP Left Leg [Systolic],,carevue,chartevents,,,,
934,3318,BP PAL [Mean],,carevue,chartevents,,,,
935,3319,BP PAL [Systolic],,carevue,chartevents,,,,
936,3320,BP Right Arm [Mean],,carevue,chartevents,,,,
937,3321,BP Right Arm [Systolic],,carevue,chartevents,,,,
938,3322,BP Right Leg [Mean],,carevue,chartevents,,,,
939,3323,BP Right Leg [Systolic],,carevue,chartevents,,,,
940,3324,BP UAC [Mean],,carevue,chartevents,,,,
941,3325,BP UAC [Systolic],,carevue,chartevents,,,,
942,3326,Babygram,,carevue,chartevents,,,,
943,3327,Bag & Mask Present,,carevue,chartevents,,,,
944,3328,Behavioral State,,carevue,chartevents,,,,
945,3329,BehavioralIntervent,,carevue,chartevents,,,,
946,3330,Bicitra,,carevue,chartevents,,,,
947,3331,Blink Reflex [Left],,carevue,chartevents,,,,
948,3333,Blood Cultures,,carevue,chartevents,,,,
949,3334,Blood Out,,carevue,chartevents,,,,
950,3335,Boundaries,,carevue,chartevents,,,,
951,3336,Breast Assessment,,carevue,chartevents,,,,
952,3337,Breath Rate,,carevue,chartevents,,,,
953,3338,Breath Sounds [L],,carevue,chartevents,,,,
954,3339,Breath Sounds [R],,carevue,chartevents,,,,
955,3340,Bruising [Existence],,carevue,chartevents,,,,
956,3341,CBC,,carevue,chartevents,,,,
957,3343,CT Scan,,carevue,chartevents,,,,
958,3344,CVL Dressing Change,,carevue,chartevents,,,,
959,3345,CVP Alarm [Low],,carevue,chartevents,,,,
960,3346,Caffeine,,carevue,chartevents,,,,
961,3347,Calcium Gluconate,,carevue,chartevents,,,,
962,3348,Capillary Refill,,carevue,chartevents,,,,
963,3349,Captopril,,carevue,chartevents,,,,
964,3350,Caput,,carevue,chartevents,,,,
965,3351,Car Safety Seat Screen [Remark],,carevue,chartevents,,,,
966,3352,Cardiac Echo,,carevue,chartevents,,,,
967,3353,Cardiac Murmur,,carevue,chartevents,,,,
968,3354,Cardiac Rhythm,,carevue,chartevents,,,,
969,3356,Cephalohematoma,,carevue,chartevents,,,,
970,3358,Chest Appearance,,carevue,chartevents,,,,
971,3359,Chest Circum    (cm),,carevue,chartevents,,,,
972,3362,Chest Tube Assessm't,,carevue,chartevents,,,,
973,3363,Chest Tube Site 1,,carevue,chartevents,,,,
974,3364,Chest Tube Site 2,,carevue,chartevents,,,,
975,3365,Chest Tube Suction,,carevue,chartevents,,,,
976,3366,Chest X-Ray,,carevue,chartevents,,,,
977,3367,Circumcision,,carevue,chartevents,,,,
978,3369,Clindamycin,,carevue,chartevents,,,,
979,3370,Cobedding,,carevue,chartevents,,,,
980,3372,[Color],,carevue,chartevents,,,,
981,3373,Color (Overall),,carevue,chartevents,,,,
982,3374,Color Change,,carevue,chartevents,,,,
983,3376,Combivent,,carevue,chartevents,,,,
984,3377,Combivent MDI,,carevue,chartevents,,,,
985,3378,Consent for visitors,,carevue,chartevents,,,,
986,3380,Cry,,carevue,chartevents,,,,
987,3381,Cyclogyl,,carevue,chartevents,,,,
988,3382,Cyclomydril,,carevue,chartevents,,,,
989,3383,DTaP,,carevue,chartevents,,,,
990,3384,Dad held infant,,carevue,chartevents,,,,
991,3385,Dad in to visit,,carevue,chartevents,,,,
992,3386,Day of Life,,carevue,chartevents,,,,
993,3388,Decadron,,carevue,chartevents,,,,
994,3390,Diamox,,carevue,chartevents,,,,
995,3391,Direct Coombs,,carevue,chartevents,,,,
996,3392,Directed Donor,,carevue,chartevents,,,,
997,3393,Disease State,,carevue,chartevents,,,,
998,3394,Diuril,,carevue,chartevents,,,,
999,3396,ECG,,carevue,chartevents,,,,
